Package_ID,Applicant_Name,Tax_ID_Extracted,Tax_ID_Siebel,Asset_Class,Equipment_Make,Equipment_Model,Invoice_Amount,Approved_Limit,Extraction_Confidence,Validation_Status,HITL_Routing_Required,Discrepancy_Reason,Dataset_Split,Override_Permitted
PKG-10001,Pioneer Excavation,13-5614226,13-5614226,Medical,GE Healthcare,Revolution CT,"$191,861.38","$206,400.00",97.18%,Passed,FALSE,None. All deterministic validation checks passed successfully.,Happy Path,N/A
PKG-10002,Liberty Commercial Laundries,21-8078673,21-8078673,Heavy Equipment,Caterpillar,320 Excavator,"$95,928.19","$106,300.00",96.21%,Passed,FALSE,None. All deterministic validation checks passed successfully.,Happy Path,N/A
PKG-10003,Benchmark Builders,35-8038374,35-8038374,Medical,Siemens Healthineers,Somatom Go.Now CT,"$326,779.71","$409,200.00",92.05%,Passed,FALSE,None. All deterministic validation checks passed successfully.,Happy Path,N/A
PKG-10004,Midwest Agro Solutions,99-8090293,99-8090293,IT Hardware,Cisco Systems,Catalyst 9300 Switch Stack,"$24,328.77","$31,400.00",94.36%,Passed,FALSE,None. All deterministic validation checks passed successfully.,Happy Path,N/A
PKG-10005,Precision Manufacturing Corp.,58-2622631,58-2622631,IT Hardware,Cisco Systems,Catalyst 9300 Switch Stack,"$51,223.56","$64,100.00",97.11%,Passed,FALSE,None. All deterministic validation checks passed successfully.,Happy Path,N/A
PKG-10006,Liberty Commercial Laundries,25-7350753,25-7350753,Heavy Equipment,Bobcat,T76 Compact Track Loader,"$129,840.31","$156,700.00",98.20%,Passed,FALSE,None. All deterministic validation checks passed successfully.,Happy Path,N/A
PKG-10007,Omni Packaging Solutions,83-4226067,83-4226067,Commercial Printing,Heidelberg,Speedmaster XL 75,"$57,790.15","$64,000.00",94.03%,Passed,FALSE,None. All deterministic validation checks passed successfully.,Happy Path,N/A
PKG-10008,Precision Manufacturing Corp.,39-2694522,39-2694522,Agriculture,Case IH,Puma 150 Tractor,"$163,352.58","$205,600.00",93.14%,Passed,FALSE,None. All deterministic validation checks passed successfully.,Happy Path,N/A
PKG-10009,Tri-State Cranes,36-5479144,36-5479144,Commercial Printing,Komori,Lithrone G40,"$160,166.02","$192,600.00",93.20%,Passed,FALSE,None. All deterministic validation checks passed successfully.,Happy Path,N/A
PKG-10010,Beacon Dental Care,30-8755439,30-8755439,Agriculture,Case IH,Puma 150 Tractor,"$297,380.84","$359,800.00",95.90%,Passed,FALSE,None. All deterministic validation checks passed successfully.,Happy Path,N/A
PKG-10011,Nova Tech Labs,17-4842788,17-4842788,Heavy Equipment,Komatsu,PC210 Excavator,"$148,198.01","$158,100.00",98.39%,Passed,FALSE,None. All deterministic validation checks passed successfully.,Happy Path,N/A
PKG-10012,Matrix Data Centers,50-4567281,50-4567281,Commercial Printing,Canon,imagePRESS C10010VP,"$117,257.42","$149,900.00",95.21%,Passed,FALSE,None. All deterministic validation checks passed successfully.,Happy Path,N/A
PKG-10013,Vanguard Metalworks,27-5137722,27-5137722,Commercial Printing,Xerox,Iridesse Production Press,"$141,626.14","$175,200.00",95.00%,Passed,FALSE,None. All deterministic validation checks passed successfully.,Happy Path,N/A
PKG-10014,Red River Cotton Group,61-7073292,61-7073292,Medical,GE Healthcare,Revolution CT,"$302,857.89","$324,900.00",92.33%,Passed,FALSE,None. All deterministic validation checks passed successfully.,Happy Path,N/A
PKG-10015,Pioneer Excavation,29-3684052,29-3684052,Commercial Printing,Canon,imagePRESS C10010VP,"$151,389.54","$173,500.00",96.17%,Passed,FALSE,None. All deterministic validation checks passed successfully.,Happy Path,N/A
PKG-10016,Oakridge Senior Living,77-5218028,77-5218028,Manufacturing,Haas Automation,VF-2 CNC Vertical Mill,"$135,239.68","$145,900.00",98.19%,Passed,FALSE,None. All deterministic validation checks passed successfully.,Happy Path,N/A
PKG-10017,Stellar Power & Utilities,92-6707197,92-6707197,Heavy Equipment,Komatsu,PC210 Excavator,"$153,910.09","$179,100.00",98.68%,Passed,FALSE,None. All deterministic validation checks passed successfully.,Happy Path,N/A
PKG-10018,Vanguard Metalworks,74-3997281,74-3997281,Manufacturing,Haas Automation,VF-2 CNC Vertical Mill,"$161,872.60","$182,000.00",96.47%,Passed,FALSE,None. All deterministic validation checks passed successfully.,Happy Path,N/A
PKG-10019,CareFirst Urgent Care,35-3564217,35-3564217,IT Hardware,HPE,ProLiant DL380 Gen10,"$47,362.74","$59,000.00",95.71%,Passed,FALSE,None. All deterministic validation checks passed successfully.,Happy Path,N/A
PKG-10020,Apex Logistics Group,86-6438436,86-6438436,Agriculture,John Deere,8R 370 Tractor,"$77,966.93","$88,900.00",98.90%,Passed,FALSE,None. All deterministic validation checks passed successfully.,Happy Path,N/A
PKG-10021,Cascade Heavy Industries,40-1971823,40-1971823,Medical,Philips,Epiq Elite Ultrasound,"$434,084.83","$465,100.00",95.40%,Passed,FALSE,None. All deterministic validation checks passed successfully.,Happy Path,N/A
PKG-10022,Valley Agribusiness Inc.,78-3109911,78-3109911,Medical,Hologic,3Dimension Mammography,"$292,584.71","$347,400.00",93.86%,Passed,FALSE,None. All deterministic validation checks passed successfully.,Happy Path,N/A
PKG-10023,CareFirst Urgent Care,64-4553384,64-4553384,Manufacturing,Okuma,Genos L3000 Lathe,"$136,581.47","$167,800.00",94.79%,Passed,FALSE,None. All deterministic validation checks passed successfully.,Happy Path,N/A
PKG-10024,Omni Packaging Solutions,66-9683481,66-9683481,Agriculture,John Deere,8R 370 Tractor,"$111,976.40","$119,400.00",92.15%,Passed,FALSE,None. All deterministic validation checks passed successfully.,Happy Path,N/A
PKG-10025,Benchmark Builders,39-4694634,39-4694634,Heavy Equipment,Caterpillar,320 Excavator,"$200,332.96","$213,300.00",92.47%,Passed,FALSE,None. All deterministic validation checks passed successfully.,Happy Path,N/A
PKG-10026,Summit Medical Diagnostics,52-2188789,52-2188789,Manufacturing,Mazak,Quick Turn 250 CNC Lathe,"$78,986.82","$92,500.00",95.77%,Passed,FALSE,None. All deterministic validation checks passed successfully.,Happy Path,N/A
PKG-10027,Matrix Data Centers,83-8930103,83-8930103,Medical,Siemens Healthineers,Somatom Go.Now CT,"$392,249.10","$430,500.00",92.68%,Passed,FALSE,None. All deterministic validation checks passed successfully.,Happy Path,N/A
PKG-10028,Southwest Milling Corp.,55-8106470,55-8106470,Agriculture,New Holland,CR8.90 Combine,"$265,959.19","$282,900.00",96.57%,Passed,FALSE,None. All deterministic validation checks passed successfully.,Happy Path,N/A
PKG-10029,Blue Horizon Shipping,17-7754864,17-7754864,Commercial Printing,Konica Minolta,AccurioPress C14000,"$186,100.73","$200,500.00",93.34%,Passed,FALSE,None. All deterministic validation checks passed successfully.,Happy Path,N/A
PKG-10030,Liberty Commercial Laundries,67-3351868,67-3351868,Agriculture,John Deere,S770 Combine Harvester,"$119,636.29","$133,100.00",98.46%,Passed,FALSE,None. All deterministic validation checks passed successfully.,Happy Path,N/A
PKG-10031,River City Transport,80-2642635,80-2642635,Heavy Equipment,Case,580 Super N Backhoe,"$249,878.02","$314,600.00",98.78%,Passed,FALSE,None. All deterministic validation checks passed successfully.,Happy Path,N/A
PKG-10032,Beacon Dental Care,31-7818496,31-7818496,Agriculture,New Holland,CR8.90 Combine,"$103,436.82","$119,000.00",92.41%,Passed,FALSE,None. All deterministic validation checks passed successfully.,Happy Path,N/A
PKG-10033,Coastal Dredging & Salvage,10-7550190,10-7550190,IT Hardware,Lenovo,ThinkSystem SR650,"$32,114.95","$39,300.00",97.11%,Passed,FALSE,None. All deterministic validation checks passed successfully.,Happy Path,N/A
PKG-10034,Benchmark Builders,94-9164991,94-9164991,Medical,GE Healthcare,Revolution CT,"$239,012.35","$308,800.00",96.05%,Passed,FALSE,None. All deterministic validation checks passed successfully.,Happy Path,N/A
PKG-10035,Liberty Commercial Laundries,17-6261415,17-6261415,Heavy Equipment,Caterpillar,320 Excavator,"$179,310.19","$210,800.00",97.97%,Passed,FALSE,None. All deterministic validation checks passed successfully.,Happy Path,N/A
PKG-10036,Midwest Agro Solutions,17-9519948,17-9519948,Heavy Equipment,Caterpillar,D6 Dozer,"$91,648.63","$97,800.00",98.03%,Passed,FALSE,None. All deterministic validation checks passed successfully.,Happy Path,N/A
PKG-10037,Highland Lumber Co.,25-5130808,25-5130808,Manufacturing,Trumpf,TruLaser 1030 Fiber,"$45,563.83","$48,800.00",96.60%,Passed,FALSE,None. All deterministic validation checks passed successfully.,Happy Path,N/A
PKG-10038,Matrix Data Centers,76-6307805,76-6307805,IT Hardware,HPE,ProLiant DL380 Gen10,"$55,183.56","$62,300.00",93.86%,Passed,FALSE,None. All deterministic validation checks passed successfully.,Happy Path,N/A
PKG-10039,Helix Health Systems,95-6033115,95-6033115,Agriculture,Case IH,Puma 150 Tractor,"$282,254.58","$362,400.00",92.07%,Passed,FALSE,None. All deterministic validation checks passed successfully.,Happy Path,N/A
PKG-10040,Merit Plastics LLC,82-2677407,82-2677407,Heavy Equipment,Bobcat,T76 Compact Track Loader,"$116,236.23","$129,800.00",98.53%,Passed,FALSE,None. All deterministic validation checks passed successfully.,Happy Path,N/A
PKG-10041,Valley Agribusiness Inc.,41-7199635,41-7199635,IT Hardware,HPE,ProLiant DL380 Gen10,"$41,291.07","$49,000.00",94.12%,Passed,FALSE,None. All deterministic validation checks passed successfully.,Happy Path,N/A
PKG-10042,Crescent Machine Tools,11-6022741,11-6022741,Commercial Printing,Heidelberg,Speedmaster XL 75,"$209,618.10","$227,100.00",92.81%,Passed,FALSE,None. All deterministic validation checks passed successfully.,Happy Path,N/A
PKG-10043,Blue Horizon Shipping,80-3607983,80-3607983,IT Hardware,Cisco Systems,Catalyst 9300 Switch Stack,"$51,289.79","$63,100.00",93.43%,Passed,FALSE,None. All deterministic validation checks passed successfully.,Happy Path,N/A
PKG-10044,Vanguard Metalworks,74-9196204,74-9196204,IT Hardware,Dell Technologies,PowerEdge R750 Server Rack,"$20,537.91","$23,700.00",93.94%,Passed,FALSE,None. All deterministic validation checks passed successfully.,Happy Path,N/A
PKG-10045,Apex Logistics Group,52-3194789,52-3194789,Commercial Printing,Konica Minolta,AccurioPress C14000,"$77,468.94","$89,900.00",96.94%,Passed,FALSE,None. All deterministic validation checks passed successfully.,Happy Path,N/A
PKG-10046,Benchmark Builders,11-2876932,11-2876932,Heavy Equipment,Case,580 Super N Backhoe,"$233,667.86","$277,200.00",97.84%,Passed,FALSE,None. All deterministic validation checks passed successfully.,Happy Path,N/A
PKG-10047,Red River Cotton Group,80-3484601,80-3484601,Agriculture,John Deere,S770 Combine Harvester,"$60,457.21","$69,000.00",98.53%,Passed,FALSE,None. All deterministic validation checks passed successfully.,Happy Path,N/A
PKG-10048,Summit Medical Diagnostics,55-4524499,55-4524499,Commercial Printing,HP,Indigo 12000 Digital Press,"$163,378.68","$186,000.00",95.92%,Passed,FALSE,None. All deterministic validation checks passed successfully.,Happy Path,N/A
PKG-10049,First Choice Radiology,89-3592974,89-3592974,Medical,GE Healthcare,Revolution CT,"$442,861.81","$554,800.00",98.17%,Passed,FALSE,None. All deterministic validation checks passed successfully.,Happy Path,N/A
PKG-10050,Pioneer Excavation,38-6613348,38-6613348,Agriculture,Kubota,M8 Series Tractor,"$190,805.15","$229,400.00",94.20%,Passed,FALSE,None. All deterministic validation checks passed successfully.,Happy Path,N/A
PKG-10051,Ironclad Foundry,75-4089765,75-4089765,Commercial Printing,Heidelberg,Speedmaster XL 75,"$56,828.16","$68,400.00",98.39%,Passed,FALSE,None. All deterministic validation checks passed successfully.,Happy Path,N/A
PKG-10052,Omega Freight Solutions,66-1075678,66-1075678,Medical,Siemens Healthineers,Magnetom Sola MRI,"$175,069.95","$200,700.00",98.82%,Passed,FALSE,None. All deterministic validation checks passed successfully.,Happy Path,N/A
PKG-10053,Liberty Commercial Laundries,27-2432921,27-2432921,IT Hardware,NetApp,FAS2750 Storage Array,"$27,891.07","$35,800.00",93.92%,Passed,FALSE,None. All deterministic validation checks passed successfully.,Happy Path,N/A
PKG-10054,Pioneer Excavation,81-4201974,81-4201974,IT Hardware,NetApp,FAS2750 Storage Array,"$19,264.81","$21,000.00",98.90%,Passed,FALSE,None. All deterministic validation checks passed successfully.,Happy Path,N/A
PKG-10055,Beacon Dental Care,67-3310864,67-3310864,Heavy Equipment,Case,580 Super N Backhoe,"$177,196.48","$187,300.00",92.09%,Passed,FALSE,None. All deterministic validation checks passed successfully.,Happy Path,N/A
PKG-10056,Liberty Commercial Laundries,45-1079361,45-1079361,IT Hardware,HP,ProLiant DL380 Gen10,"$19,286.04","$22,800.00",95.78%,Passed,FALSE,None. All deterministic validation checks passed successfully.,Happy Path,N/A
PKG-10057,Apex Logistics Group,51-1053784,51-1053784,Medical,Philips,Epiq Elite Ultrasound,"$231,083.84","$287,800.00",93.48%,Passed,FALSE,None. All deterministic validation checks passed successfully.,Happy Path,N/A
PKG-10058,Vanguard Metalworks,83-1134267,83-1134267,Manufacturing,Amada,AE-NT Series Punch Press,"$154,261.31","$165,600.00",93.89%,Passed,FALSE,None. All deterministic validation checks passed successfully.,Happy Path,N/A
PKG-10059,Terra Firma Construction,86-6304523,86-6304523,Commercial Printing,Canon,imagePRESS C10010VP,"$219,803.54","$233,500.00",95.79%,Passed,FALSE,None. All deterministic validation checks passed successfully.,Happy Path,N/A
PKG-10060,Matrix Data Centers,89-1304526,89-1304526,Commercial Printing,HP,Indigo 12000 Digital Press,"$209,384.71","$232,700.00",98.11%,Passed,FALSE,None. All deterministic validation checks passed successfully.,Happy Path,N/A
PKG-10061,Ironclad Foundry,77-4221087,77-4221087,Medical,Siemens Healthineers,Somatom Go.Now CT,"$262,380.09","$298,500.00",94.12%,Passed,FALSE,None. All deterministic validation checks passed successfully.,Happy Path,N/A
PKG-10062,Highland Lumber Co.,76-6304217,76-6304217,Manufacturing,Okuma,Genos L3000 Lathe,"$45,621.39","$49,300.00",93.48%,Passed,FALSE,None. All deterministic validation checks passed successfully.,Happy Path,N/A
PKG-10063,Benchmark Builders,99-2311547,99-2311547,IT Hardware,HPE,ProLiant DL380 Gen10,"$70,452.19","$89,000.00",96.19%,Passed,FALSE,None. All deterministic validation checks passed successfully.,Happy Path,N/A
PKG-10064,Omega Freight Solutions,35-4221087,35-4221087,Heavy Equipment,Caterpillar,D6 Dozer,"$216,238.07","$243,200.00",97.82%,Passed,FALSE,None. All deterministic validation checks passed successfully.,Happy Path,N/A
PKG-10065,Apex Logistics Group,51-2234291,51-2234291,Agriculture,New Holland,CR8.90 Combine,"$223,421.39","$235,700.00",96.78%,Passed,FALSE,None. All deterministic validation checks passed successfully.,Happy Path,N/A
PKG-10066,Liberty Commercial Laundries,86-6307187,86-6307187,Medical,Siemens Healthineers,Magnetom Sola MRI,"$175,621.09","$219,800.00",98.59%,Passed,FALSE,None. All deterministic validation checks passed successfully.,Happy Path,N/A
PKG-10067,Helix Health Systems,55-1034217,55-1034217,Medical,Hologic,3Dimension Mammography,"$334,195.48","$353,500.00",95.71%,Passed,FALSE,None. All deterministic validation checks passed successfully.,Happy Path,N/A
PKG-10068,Matrix Data Centers,29-4552136,29-4552136,Medical,GE Healthcare,Optima MR360 MRI,"$311,492.35","$395,400.00",93.12%,Passed,FALSE,None. All deterministic validation checks passed successfully.,Happy Path,N/A
PKG-10069,Greenfield Farms,35-1034291,35-1034291,Commercial Printing,Konica Minolta,AccurioPress C14000,"$103,421.39","$111,200.00",97.12%,Passed,FALSE,None. All deterministic validation checks passed successfully.,Happy Path,N/A
PKG-10070,Southwest Milling Corp.,89-1123412,89-1123412,Heavy Equipment,Case,580 Super N Backhoe,"$175,621.39","$213,800.00",97.89%,Passed,FALSE,None. All deterministic validation checks passed successfully.,Happy Path,N/A
PKG-10071,Highland Lumber Co.,75-2311547,75-2311547,IT Hardware,HP,ProLiant DL380 Gen10,"$17,562.31","$21,300.00",97.12%,Passed,FALSE,None. All deterministic validation checks passed successfully.,Happy Path,N/A
PKG-10072,Ironclad Foundry,35-1045217,35-1045217,Manufacturing,Okuma,Genos L3000 Lathe,"$115,621.39","$123,800.00",95.67%,Passed,FALSE,None. All deterministic validation checks passed successfully.,Happy Path,N/A
PKG-10073,NextGen IT Services,86-6304521,86-6304521,IT Hardware,Dell Technologies,PowerEdge R750 Server Rack,"$23,108.95","$29,600.00",95.67%,Passed,FALSE,None. All deterministic validation checks passed successfully.,Happy Path,N/A
PKG-10074,Stellar Power & Utilities,11-2311547,11-2311547,Heavy Equipment,Bobcat,T76 Compact Track Loader,"$115,621.39","$123,800.00",97.89%,Passed,FALSE,None. All deterministic validation checks passed successfully.,Happy Path,N/A
PKG-10075,Vanguard Metalworks,55-1045291,55-1045291,Commercial Printing,Heidelberg,Speedmaster XL 75,"$175,621.39","$198,500.00",93.45%,Passed,FALSE,None. All deterministic validation checks passed successfully.,Happy Path,N/A
PKG-10076,River City Transport,55-1034521,55-1034521,Commercial Printing,Konica Minolta,AccurioPress C14000,"$103,421.39","$115,600.00",94.12%,Passed,FALSE,None. All deterministic validation checks passed successfully.,Happy Path,N/A
PKG-10077,Nova Tech Labs,89-1034526,89-1034526,Heavy Equipment,Caterpillar,D6 Dozer,"$215,621.39","$256,700.00",97.89%,Passed,FALSE,None. All deterministic validation checks passed successfully.,Happy Path,N/A
PKG-10078,Tri-State Cranes,35-4221089,35-4221089,Medical,Philips,Epiq Elite Ultrasound,"$215,621.09","$245,600.00",94.12%,Passed,FALSE,None. All deterministic validation checks passed successfully.,Happy Path,N/A
PKG-10079,Pioneer Excavation,89-1034521,89-1034521,IT Hardware,Cisco Systems,Catalyst 9300 Switch Stack,"$17,562.31","$21,500.00",97.89%,Passed,FALSE,None. All deterministic validation checks passed successfully.,Happy Path,N/A
PKG-10080,Blue Horizon Shipping,55-1034526,55-1034526,Commercial Printing,Xerox,Iridesse Production Press,"$115,621.39","$134,500.00",93.48%,Passed,FALSE,None. All deterministic validation checks passed successfully.,Happy Path,N/A
PKG-10081,Valley Agribusiness Inc.,89-1034521,89-1034521,Agriculture,Case IH,Puma 150 Tractor,"$115,621.39","$123,800.00",93.48%,Passed,FALSE,None. All deterministic validation checks passed successfully.,Happy Path,N/A
PKG-10082,Merit Plastics LLC,55-1034526,55-1034526,Commercial Printing,Konica Minolta,AccurioPress C14000,"$103,421.39","$115,600.00",93.48%,Passed,FALSE,None. All deterministic validation checks passed successfully.,Happy Path,N/A
PKG-10083,Precision Manufacturing Corp.,35-4221087,35-4221087,Medical,GE Healthcare,Revolution CT,"$262,380.09","$298,500.00",94.12%,Passed,FALSE,None. All deterministic validation checks passed successfully.,Happy Path,N/A
PKG-10084,Liberty Commercial Laundries,89-1034526,89-1034526,Manufacturing,Okuma,Genos L3000 Lathe,"$115,621.39","$123,800.00",94.12%,Passed,FALSE,None. All deterministic validation checks passed successfully.,Happy Path,N/A
PKG-10085,Matrix Data Centers,35-4221089,35-4221089,Medical,GE Healthcare,Optima MR360 MRI,"$215,621.09","$245,600.00",94.12%,Passed,FALSE,None. All deterministic validation checks passed successfully.,Happy Path,N/A
PKG-10086,Vanguard Metalworks,89-1034521,89-1034521,Manufacturing,Haas Automation,VF-2 CNC Vertical Mill,"$115,621.39","$123,800.00",94.12%,Passed,FALSE,None. All deterministic validation checks passed successfully.,Happy Path,N/A
PKG-10087,Apex Logistics Group,55-1034526,55-1034526,Heavy Equipment,John Deere,850K Dozer,"$115,621.39","$134,500.00",94.12%,Passed,FALSE,None. All deterministic validation checks passed successfully.,Happy Path,N/A
PKG-10088,Cascade Heavy Industries,89-1034521,89-1034521,Agriculture,John Deere,8R 370 Tractor,"$115,621.39","$123,800.00",94.12%,Passed,FALSE,None. All deterministic validation checks passed successfully.,Happy Path,N/A
PKG-10089,Red River Cotton Group,55-1034526,55-1034526,Agriculture,New Holland,CR8.90 Combine,"$115,621.39","$134,500.00",94.12%,Passed,FALSE,None. All deterministic validation checks passed successfully.,Happy Path,N/A
PKG-10090,Benchmark Builders,35-4221087,35-4221087,IT Hardware,HP,ProLiant DL380 Gen10,"$17,562.31","$21,300.00",94.12%,Passed,FALSE,None. All deterministic validation checks passed successfully.,Happy Path,N/A
PKG-10091,Pioneer Excavation,89-1034526,89-1034526,Heavy Equipment,Caterpillar,320 Excavator,"$115,621.39","$123,800.00",94.12%,Passed,FALSE,None. All deterministic validation checks passed successfully.,Happy Path,N/A
PKG-10092,Summit Medical Diagnostics,35-4221089,35-4221089,Commercial Printing,Heidelberg,Speedmaster XL 75,"$115,621.09","$134,500.00",94.12%,Passed,FALSE,None. All deterministic validation checks passed successfully.,Happy Path,N/A
PKG-10093,Nova Tech Labs,89-1034521,89-1034521,Medical,Philips,Epiq Elite Ultrasound,"$215,621.39","$245,600.00",94.12%,Passed,FALSE,None. All deterministic validation checks passed successfully.,Happy Path,N/A
PKG-10094,Greenfield Farms,55-1034526,55-1034526,Commercial Printing,Konica Minolta,AccurioPress C14000,"$103,421.39","$115,600.00",94.12%,Passed,FALSE,None. All deterministic validation checks passed successfully.,Happy Path,N/A
PKG-10095,Highland Lumber Co.,35-4221087,35-4221087,Agriculture,Case IH,Puma 150 Tractor,"$115,621.39","$123,800.00",94.12%,Passed,FALSE,None. All deterministic validation checks passed successfully.,Happy Path,N/A
PKG-10096,Southwest Milling Corp.,89-1034526,89-1034526,Manufacturing,Mazak,Quick Turn 250 CNC Lathe,"$115,621.39","$123,800.00",94.12%,Passed,FALSE,None. All deterministic validation checks passed successfully.,Happy Path,N/A
PKG-10097,Liberty Commercial Laundries,35-4221089,35-4221089,Medical,GE Healthcare,Revolution CT,"$215,621.09","$245,600.00",94.12%,Passed,FALSE,None. All deterministic validation checks passed successfully.,Happy Path,N/A
PKG-10098,Ironclad Foundry,89-1034521,89-1034521,IT Hardware,NetApp,FAS2750 Storage Array,"$17,562.31","$21,500.00",94.12%,Passed,FALSE,None. All deterministic validation checks passed successfully.,Happy Path,N/A
PKG-10099,Apex Logistics Group,55-1034526,55-1034526,Medical,Philips,Epiq Elite Ultrasound,"$215,621.39","$245,600.00",94.12%,Passed,FALSE,None. All deterministic validation checks passed successfully.,Happy Path,N/A
PKG-10100,Vanguard Metalworks,35-4221087,35-4221087,Manufacturing,Amada,AE-NT Series Punch Press,"$115,621.39","$123,800.00",94.12%,Passed,FALSE,None. All deterministic validation checks passed successfully.,Happy Path,N/A
PKG-10101,Terra Firma Construction,89-1034526,89-1034526,Heavy Equipment,Caterpillar,D6 Dozer,"$215,621.39","$256,700.00",94.12%,Passed,FALSE,None. All deterministic validation checks passed successfully.,Happy Path,N/A
PKG-10102,Matrix Data Centers,35-4221089,35-4221089,Medical,Siemens Healthineers,Magnetom Sola MRI,"$215,621.09","$245,600.00",94.12%,Passed,FALSE,None. All deterministic validation checks passed successfully.,Happy Path,N/A
PKG-10103,Greenfield Farms,89-1034521,89-1034521,IT Hardware,Cisco Systems,Catalyst 9300 Switch Stack,"$17,562.31","$21,500.00",94.12%,Passed,FALSE,None. All deterministic validation checks passed successfully.,Happy Path,N/A
PKG-10104,Stellar Power & Utilities,55-1034526,55-1034526,Heavy Equipment,Komatsu,PC210 Excavator,"$115,621.39","$134,500.00",94.12%,Passed,FALSE,None. All deterministic validation checks passed successfully.,Happy Path,N/A
PKG-10105,Tri-State Cranes,35-4221087,35-4221087,Commercial Printing,Konica Minolta,AccurioPress C14000,"$103,421.39","$115,600.00",94.12%,Passed,FALSE,None. All deterministic validation checks passed successfully.,Happy Path,N/A
PKG-10106,NextGen IT Services,89-1034526,89-1034526,Medical,Philips,Epiq Elite Ultrasound,"$215,621.39","$245,600.00",94.12%,Passed,FALSE,None. All deterministic validation checks passed successfully.,Happy Path,N/A
PKG-10107,River City Transport,35-4221089,35-4221089,Commercial Printing,Konica Minolta,AccurioPress C14000,"$103,421.09","$115,600.00",94.12%,Passed,FALSE,None. All deterministic validation checks passed successfully.,Happy Path,N/A
PKG-10108,Nova Tech Labs,89-1034521,89-1034521,IT Hardware,HPE,ProLiant DL380 Gen10,"$17,562.31","$21,500.00",94.12%,Passed,FALSE,None. All deterministic validation checks passed successfully.,Happy Path,N/A
PKG-10109,Blue Horizon Shipping,55-1034526,55-1034526,Heavy Equipment,Case,580 Super N Backhoe,"$115,621.39","$134,500.00",94.12%,Passed,FALSE,None. All deterministic validation checks passed successfully.,Happy Path,N/A
PKG-10110,Valley Agribusiness Inc.,35-4221087,35-4221087,Agriculture,John Deere,8R 370 Tractor,"$115,621.39","$123,800.00",94.12%,Passed,FALSE,None. All deterministic validation checks passed successfully.,Happy Path,N/A
PKG-10111,Merit Plastics LLC,89-1034526,89-1034526,Medical,Philips,Epiq Elite Ultrasound,"$215,621.39","$245,600.00",94.12%,Passed,FALSE,None. All deterministic validation checks passed successfully.,Happy Path,N/A
PKG-10112,Precision Manufacturing Corp.,35-4221089,35-4221089,IT Hardware,Dell Technologies,PowerEdge R750 Server Rack,"$17,562.09","$21,500.00",94.12%,Passed,FALSE,None. All deterministic validation checks passed successfully.,Happy Path,N/A
PKG-10113,Liberty Commercial Laundries,89-1034521,89-1034521,Heavy Equipment,Caterpillar,D6 Dozer,"$215,621.39","$245,600.00",94.12%,Passed,FALSE,None. All deterministic validation checks passed successfully.,Happy Path,N/A
PKG-10114,Matrix Data Centers,55-1034526,55-1034526,Commercial Printing,Heidelberg,Speedmaster XL 75,"$115,621.39","$134,500.00",94.12%,Passed,FALSE,None. All deterministic validation checks passed successfully.,Happy Path,N/A
PKG-10115,Vanguard Metalworks,35-4221087,35-4221087,Medical,Siemens Healthineers,Somatom Go.Now CT,"$215,621.39","$245,600.00",94.12%,Passed,FALSE,None. All deterministic validation checks passed successfully.,Happy Path,N/A
PKG-10116,Apex Logistics Group,89-1034526,89-1034526,IT Hardware,Cisco Systems,Catalyst 9300 Switch Stack,"$17,562.39","$21,500.00",94.12%,Passed,FALSE,None. All deterministic validation checks passed successfully.,Happy Path,N/A
PKG-10117,Cascade Heavy Industries,35-4221089,35-4221089,Heavy Equipment,John Deere,850K Dozer,"$115,621.09","$134,500.00",94.12%,Passed,FALSE,None. All deterministic validation checks passed successfully.,Happy Path,N/A
PKG-10118,Red River Cotton Group,89-1034521,89-1034521,Manufacturing,Haas Automation,VF-2 CNC Vertical Mill,"$115,621.39","$123,800.00",94.12%,Passed,FALSE,None. All deterministic validation checks passed successfully.,Happy Path,N/A
PKG-10119,Benchmark Builders,55-1034526,55-1034526,Medical,Siemens Healthineers,Somatom Go.Now CT,"$215,621.39","$245,600.00",94.12%,Passed,FALSE,None. All deterministic validation checks passed successfully.,Happy Path,N/A
PKG-10120,Pioneer Excavation,35-4221087,35-4221087,Heavy Equipment,Caterpillar,D6 Dozer,"$215,621.39","$245,600.00",94.12%,Passed,FALSE,None. All deterministic validation checks passed successfully.,Happy Path,N/A
PKG-10121,River City Transport,52-7360218,52-7360218,Heavy Equipment,Komatsu,PC210 Excavator,"$154,982.11","$189,200.00",76.21%,Passed,TRUE,Low Extraction Confidence: Equipment_Model (76%) due to handwritten correction over original text.,Messy Set,Yes (Fuzzy match and visual verification required)
PKG-10122,Vanguard Metalworks,64-9810452,64-9810452,Manufacturing,Haas Automation,VF-2 CNC Vertical Mill,"$158,602.19","$190,200.00",73.92%,Passed,TRUE,Low Extraction Confidence: VIN_Number (73%) due to smudge,Messy Set,Yes (Fuzzy match and visual verification required)
PKG-10123,Valley Agribusiness Inc.,80-3620187,80-3620187,Medical,Siemens Healthineers,Magnetom Sola MRI,"$192,108.91","$210,300.00",78.12%,Passed,TRUE,Low Extraction Confidence: Invoice_Amount (78%) due to smeared print over the total price section.,Messy Set,Yes (Fuzzy match and visual verification required)
PKG-10124,Helix Health Systems,89-1045621,89-1045621,Commercial Printing,Heidelberg,Speedmaster XL 75,"$209,123.56","$220,500.00",85.21%,Passed,TRUE,Low Extraction Confidence: Tax_ID_Extracted (85%) due to low-DPI scan and faded ink.,Messy Set,Yes (Fuzzy match and visual verification required)
PKG-10125,Vanguard Metalworks,27-2311547,27-2311547,IT Hardware,HP,ProLiant DL380 Gen10,"$17,562.31","$21,300.00",82.39%,Passed,TRUE,Low Extraction Confidence: Serial_Number (82%) due to hand-annotated notes near the metadata block.,Messy Set,Yes (Fuzzy match and visual verification required)
PKG-10126,Liberty Commercial Laundries,67-3310864,67-3310864,Heavy Equipment,Case,580 Super N Backhoe,"$177,196.48","$187,300.00",78.91%,Passed,TRUE,Low Extraction Confidence: Equipment_Model (78%) due to handwritten correction over original text.,Messy Set,Yes (Fuzzy match and visual verification required)
PKG-10127,Apex Logistics Group,51-1053784,51-1053784,Medical,Philips,Epiq Elite Ultrasound,"$231,083.84","$287,800.00",83.42%,Passed,TRUE,Low Extraction Confidence: Invoice_Amount (83%) due to smeared print over the total price section.,Messy Set,Yes (Fuzzy match and visual verification required)
PKG-10128,Vanguard Metalworks,83-1134267,83-1134267,Manufacturing,Amada,AE-NT Series Punch Press,"$154,261.31","$165,600.00",79.23%,Passed,TRUE,Low Extraction Confidence: Tax_ID_Extracted (79%) due to low-DPI scan and faded ink.,Messy Set,Yes (Fuzzy match and visual verification required)
PKG-10129,Terra Firma Construction,86-6304523,86-6304523,Commercial Printing,Canon,imagePRESS C10010VP,"$219,803.54","$233,500.00",81.24%,Passed,TRUE,Low Extraction Confidence: Serial_Number (81%) due to hand-annotated notes near the metadata block.,Messy Set,Yes (Fuzzy match and visual verification required)
PKG-10130,Matrix Data Centers,89-1304526,89-1304526,Commercial Printing,HP,Indigo 12000 Digital Press,"$209,384.71","$232,700.00",78.42%,Passed,TRUE,Low Extraction Confidence: Equipment_Model (78%) due to handwritten correction over original text.,Messy Set,Yes (Fuzzy match and visual verification required)
PKG-10131,Ironclad Foundry,77-4221087,77-4221087,Medical,Siemens Healthineers,Somatom Go.Now CT,"$262,380.09","$298,500.00",80.34%,Passed,TRUE,Low Extraction Confidence: Invoice_Amount (80%) due to smeared print over the total price section.,Messy Set,Yes (Fuzzy match and visual verification required)
PKG-10132,Highland Lumber Co.,76-6304217,76-6304217,Manufacturing,Okuma,Genos L3000 Lathe,"$45,621.39","$49,300.00",85.42%,Passed,TRUE,Low Extraction Confidence: Tax_ID_Extracted (85%) due to low-DPI scan and faded ink.,Messy Set,Yes (Fuzzy match and visual verification required)
PKG-10133,Benchmark Builders,99-2311547,99-2311547,IT Hardware,HPE,ProLiant DL380 Gen10,"$70,452.19","$89,000.00",81.23%,Passed,TRUE,Low Extraction Confidence: Serial_Number (81%) due to hand-annotated notes near the metadata block.,Messy Set,Yes (Fuzzy match and visual verification required)
PKG-10134,Omega Freight Solutions,35-4221087,35-4221087,Heavy Equipment,Caterpillar,D6 Dozer,"$216,238.07","$243,200.00",83.24%,Passed,TRUE,Low Extraction Confidence: Equipment_Model (83%) due to handwritten correction over original text.,Messy Set,Yes (Fuzzy match and visual verification required)
PKG-10135,Apex Logistics Group,51-2234291,51-2234291,Agriculture,New Holland,CR8.90 Combine,"$223,421.39","$235,700.00",81.24%,Passed,TRUE,Low Extraction Confidence: Invoice_Amount (81%) due to smeared print over the total price section.,Messy Set,Yes (Fuzzy match and visual verification required)
PKG-10136,Liberty Commercial Laundries,86-6307187,86-6307187,Medical,Siemens Healthineers,Magnetom Sola MRI,"$175,621.09","$219,800.00",76.42%,Passed,TRUE,Low Extraction Confidence: Tax_ID_Extracted (76%) due to low-DPI scan and faded ink.,Messy Set,Yes (Fuzzy match and visual verification required)
PKG-10137,Helix Health Systems,55-1034217,55-1034217,Medical,Hologic,3Dimension Mammography,"$334,195.48","$353,500.00",80.12%,Passed,TRUE,Low Extraction Confidence: Serial_Number (80%) due to hand-annotated notes near the metadata block.,Messy Set,Yes (Fuzzy match and visual verification required)
PKG-10138,Matrix Data Centers,29-4552136,29-4552136,Medical,GE Healthcare,Optima MR360 MRI,"$311,492.35","$395,400.00",82.34%,Passed,TRUE,Low Extraction Confidence: Equipment_Model (82%) due to handwritten correction over original text.,Messy Set,Yes (Fuzzy match and visual verification required)
PKG-10139,Greenfield Farms,35-1034291,35-1034291,Commercial Printing,Konica Minolta,AccurioPress C14000,"$103,421.39","$111,200.00",83.41%,Passed,TRUE,Low Extraction Confidence: Invoice_Amount (83%) due to smeared print over the total price section.,Messy Set,Yes (Fuzzy match and visual verification required)
PKG-10140,Southwest Milling Corp.,89-1123412,89-1123412,Heavy Equipment,Case,580 Super N Backhoe,"$175,621.39","$213,800.00",76.42%,Passed,TRUE,Low Extraction Confidence: Tax_ID_Extracted (76%) due to low-DPI scan and faded ink.,Messy Set,Yes (Fuzzy match and visual verification required)
PKG-10141,Highland Lumber Co.,75-2311547,75-2311547,IT Hardware,HP,ProLiant DL380 Gen10,"$17,562.31","$21,300.00",80.34%,Passed,TRUE,Low Extraction Confidence: Serial_Number (80%) due to hand-annotated notes near the metadata block.,Messy Set,Yes (Fuzzy match and visual verification required)
PKG-10142,Ironclad Foundry,35-1045217,35-1045217,Manufacturing,Okuma,Genos L3000 Lathe,"$115,621.39","$123,800.00",81.24%,Passed,TRUE,Low Extraction Confidence: Equipment_Model (81%) due to handwritten correction over original text.,Messy Set,Yes (Fuzzy match and visual verification required)
PKG-10143,NextGen IT Services,86-6304521,86-6304521,IT Hardware,Dell Technologies,PowerEdge R750 Server Rack,"$23,108.95","$29,600.00",83.41%,Passed,TRUE,Low Extraction Confidence: Invoice_Amount (83%) due to smeared print over the total price section.,Messy Set,Yes (Fuzzy match and visual verification required)
PKG-10144,Stellar Power & Utilities,11-2311547,11-2311547,Heavy Equipment,Bobcat,T76 Compact Track Loader,"$115,621.39","$123,800.00",78.42%,Passed,TRUE,Low Extraction Confidence: Tax_ID_Extracted (78%) due to low-DPI scan and faded ink.,Messy Set,Yes (Fuzzy match and visual verification required)
PKG-10145,Vanguard Metalworks,55-1045291,55-1045291,Commercial Printing,Heidelberg,Speedmaster XL 75,"$175,621.39","$198,500.00",80.12%,Passed,TRUE,Low Extraction Confidence: Serial_Number (80%) due to hand-annotated notes near the metadata block.,Messy Set,Yes (Fuzzy match and visual verification required)
PKG-10146,River City Transport,55-1034521,55-1034521,Commercial Printing,Konica Minolta,AccurioPress C14000,"$103,421.39","$115,600.00",82.34%,Passed,TRUE,Low Extraction Confidence: Equipment_Model (82%) due to handwritten correction over original text.,Messy Set,Yes (Fuzzy match and visual verification required)
PKG-10147,Nova Tech Labs,89-1034526,89-1034526,Heavy Equipment,Caterpillar,D6 Dozer,"$215,621.39","$256,700.00",78.42%,Passed,TRUE,Low Extraction Confidence: Invoice_Amount (78%) due to smeared print over the total price section.,Messy Set,Yes (Fuzzy match and visual verification required)
PKG-10148,Tri-State Cranes,35-4221089,35-4221089,Medical,Philips,Epiq Elite Ultrasound,"$215,621.09","$245,600.00",76.42%,Passed,TRUE,Low Extraction Confidence: Tax_ID_Extracted (76%) due to low-DPI scan and faded ink.,Messy Set,Yes (Fuzzy match and visual verification required)
PKG-10149,Pioneer Excavation,89-1034521,89-1034521,IT Hardware,Cisco Systems,Catalyst 9300 Switch Stack,"$17,562.31","$21,500.00",80.34%,Passed,TRUE,Low Extraction Confidence: Serial_Number (80%) due to hand-annotated notes near the metadata block.,Messy Set,Yes (Fuzzy match and visual verification required)
PKG-10150,Blue Horizon Shipping,55-1034526,55-1034526,Commercial Printing,Xerox,Iridesse Production Press,"$115,621.39","$134,500.00",81.24%,Passed,TRUE,Low Extraction Confidence: Equipment_Model (81%) due to handwritten correction over original text.,Messy Set,Yes (Fuzzy match and visual verification required)
PKG-10151,Valley Agribusiness Inc.,89-1034521,89-1034521,Agriculture,Case IH,Puma 150 Tractor,"$115,621.39","$123,800.00",83.41%,Passed,TRUE,Low Extraction Confidence: Invoice_Amount (83%) due to smeared print over the total price section.,Messy Set,Yes (Fuzzy match and visual verification required)
PKG-10152,Merit Plastics LLC,55-1034526,55-1034526,Commercial Printing,Konica Minolta,AccurioPress C14000,"$103,421.39","$115,600.00",78.42%,Passed,TRUE,Low Extraction Confidence: Tax_ID_Extracted (78%) due to low-DPI scan and faded ink.,Messy Set,Yes (Fuzzy match and visual verification required)
PKG-10153,Precision Manufacturing Corp.,35-4221087,35-4221087,Medical,GE Healthcare,Revolution CT,"$262,380.09","$298,500.00",80.12%,Passed,TRUE,Low Extraction Confidence: Serial_Number (80%) due to hand-annotated notes near the metadata block.,Messy Set,Yes (Fuzzy match and visual verification required)
PKG-10154,Liberty Commercial Laundries,89-1034526,89-1034526,Manufacturing,Okuma,Genos L3000 Lathe,"$115,621.39","$123,800.00",82.34%,Passed,TRUE,Low Extraction Confidence: Equipment_Model (82%) due to handwritten correction over original text.,Messy Set,Yes (Fuzzy match and visual verification required)
PKG-10155,Matrix Data Centers,35-4221089,35-4221089,Medical,GE Healthcare,Optima MR360 MRI,"$215,621.09","$245,600.00",78.42%,Passed,TRUE,Low Extraction Confidence: Invoice_Amount (78%) due to smeared print over the total price section.,Messy Set,Yes (Fuzzy match and visual verification required)
PKG-10156,Vanguard Metalworks,89-1034521,89-1034521,Manufacturing,Haas Automation,VF-2 CNC Vertical Mill,"$115,621.39","$123,800.00",76.42%,Passed,TRUE,Low Extraction Confidence: Tax_ID_Extracted (76%) due to low-DPI scan and faded ink.,Messy Set,Yes (Fuzzy match and visual verification required)
PKG-10157,Apex Logistics Group,55-1034526,55-1034526,Heavy Equipment,John Deere,850K Dozer,"$115,621.39","$134,500.00",80.34%,Passed,TRUE,Low Extraction Confidence: Serial_Number (80%) due to hand-annotated notes near the metadata block.,Messy Set,Yes (Fuzzy match and visual verification required)
PKG-10158,Cascade Heavy Industries,89-1034521,89-1034521,Agriculture,John Deere,8R 370 Tractor,"$115,621.39","$123,800.00",81.24%,Passed,TRUE,Low Extraction Confidence: Equipment_Model (81%) due to handwritten correction over original text.,Messy Set,Yes (Fuzzy match and visual verification required)
PKG-10159,Red River Cotton Group,55-1034526,55-1034526,Agriculture,New Holland,CR8.90 Combine,"$115,621.39","$134,500.00",83.41%,Passed,TRUE,Low Extraction Confidence: Invoice_Amount (83%) due to smeared print over the total price section.,Messy Set,Yes (Fuzzy match and visual verification required)
PKG-10160,Benchmark Builders,35-4221087,35-4221087,IT Hardware,HP,ProLiant DL380 Gen10,"$17,562.31","$21,300.00",78.42%,Passed,TRUE,Low Extraction Confidence: Tax_ID_Extracted (78%) due to low-DPI scan and faded ink.,Messy Set,Yes (Fuzzy match and visual verification required)
PKG-10161,Matrix Data Centers,39-4475586,39-4475586,Manufacturing,Mazak,Quick Turn 250 CNC Lathe,"$148,293.41","$129,631.13",92.54%,Failed,TRUE,"Invoice amount ($148,293.41) exceeds Siebel approved_limit ($129,631.13) by $18,662.28.",Discrepancy Set,No (Automatic Rejection - Overage exceeds $500.00 threshold)
PKG-10162,Apex Logistics Group,81-2268341,81-2268341,IT Hardware,Dell Technologies,PowerEdge R750 Server Rack,"$53,421.39","$53,135.29",95.67%,Failed,TRUE,"Invoice amount ($53,421.39) exceeds Siebel approved_limit ($53,135.29) by $286.10.",Discrepancy Set,Yes (Underwriter override allowed - Overage <= $500.00)
PKG-10163,Nova Tech Labs,89-1034521,89-1034521,Agriculture,New Holland,CR8.90 Combine,"$115,621.39","$134,500.00",0.00%,Incomplete,TRUE,Package Incomplete: Credit Application is missing from the loan package folder in FileNet.,Discrepancy Set,No (Automatic Rejection - Mandatory document missing)
PKG-10164,Summit Medical Diagnostics,35-4221087,35-4221087,Commercial Printing,Xerox,Iridesse Production Press,"$115,621.39","$134,500.00",97.82%,Failed,TRUE,Asset Class Mismatch: Extracted asset class 'Commercial Printing' (Xerox Iridesse Production Press) does not match Siebel approved collateral profile class 'Medical'.,Discrepancy Set,Yes (Underwriter override allowed - Requires collateral profile re-classification)
PKG-10165,Pioneer Excavation,89-1034526,89-1034526,Heavy Equipment,Caterpillar,D6 Dozer,"$215,621.39","$198,304.56",93.48%,Failed,TRUE,"Invoice amount ($215,621.39) exceeds Siebel approved_limit ($198,304.56) by $17,316.83.",Discrepancy Set,No (Automatic Rejection - Overage exceeds $500.00 threshold)
PKG-10166,Southwest Milling Corp.,89-1034521,35-4221087,Agriculture,Case IH,Puma 150 Tractor,"$115,621.39","$134,500.00",94.12%,Failed,TRUE,Tax ID Mismatch: Extracted from invoice '89-1034521' does not match Siebel CRM profile Tax ID '35-4221087'.,Discrepancy Set,No (Required Compliance Check - Suspected fraud or input error)
PKG-10167,Benchmark Builders,35-1045217,35-1045217,Commercial Printing,HP,Indigo 12000 Digital Press,"$115,621.39","$115,386.12",97.12%,Failed,TRUE,"Invoice amount ($115,621.39) exceeds Siebel approved_limit ($115,386.12) by $235.27.",Discrepancy Set,Yes (Underwriter override allowed - Overage <= $500.00)
PKG-10168,Apex Logistics Group,51-1053784,51-1053784,Heavy Equipment,John Deere,850K Dozer,"$115,621.39","$91,045.23",95.67%,Failed,TRUE,"Invoice amount ($115,621.39) exceeds Siebel approved_limit ($91,045.23) by $24,576.16.",Discrepancy Set,No (Automatic Rejection - Overage exceeds $500.00 threshold)
PKG-10169,Vanguard Metalworks,83-1134267,83-1134267,Manufacturing,Haas Automation,VF-2 CNC Vertical Mill,"$115,621.39","$115,421.19",94.12%,Failed,TRUE,"Invoice amount ($115,621.39) exceeds Siebel approved_limit ($115,421.19) by $200.20.",Discrepancy Set,Yes (Underwriter override allowed - Overage <= $500.00)
PKG-10170,Pioneer Excavation,89-1034521,89-1034521,Heavy Equipment,Caterpillar,320 Excavator,"$115,621.39","$134,500.00",0.00%,Incomplete,TRUE,Package Incomplete: Credit Application is missing from the loan package folder in FileNet.,Discrepancy Set,No (Automatic Rejection - Mandatory document missing)
PKG-10171,Summit Medical Diagnostics,35-4221087,35-4221087,Manufacturing,Okuma,Genos L3000 Lathe,"$115,621.39","$123,800.00",93.48%,Failed,TRUE,Asset Class Mismatch: Extracted asset class 'Manufacturing' (Okuma Genos L3000 Lathe) does not match Siebel approved collateral profile class 'Medical'.,Discrepancy Set,Yes (Underwriter override allowed - Requires collateral profile re-classification)
PKG-10172,River City Transport,89-1034526,55-1034526,Commercial Printing,Heidelberg,Speedmaster XL 75,"$115,621.39","$134,500.00",95.78%,Failed,TRUE,Tax ID Mismatch: Extracted from invoice '89-1034526' does not match Siebel CRM profile Tax ID '55-1034526'.,Discrepancy Set,No (Required Compliance Check - Suspected fraud or input error)
PKG-10173,Nova Tech Labs,89-1034521,89-1034521,Medical,Philips,Epiq Elite Ultrasound,"$215,621.39","$215,438.19",94.12%,Failed,TRUE,"Invoice amount ($215,621.39) exceeds Siebel approved_limit ($215,438.19) by $183.20.",Discrepancy Set,Yes (Underwriter override allowed - Overage <= $500.00)
PKG-10174,Blue Horizon Shipping,55-1034526,55-1034526,Heavy Equipment,Case,580 Super N Backhoe,"$115,621.39","$101,389.56",93.48%,Failed,TRUE,"Invoice amount ($115,621.39) exceeds Siebel approved_limit ($101,389.56) by $14,231.83.",Discrepancy Set,No (Automatic Rejection - Overage exceeds $500.00 threshold)
PKG-10175,Valley Agribusiness Inc.,89-1034521,55-1034526,Agriculture,John Deere,8R 370 Tractor,"$115,621.39","$123,800.00",98.19%,Failed,TRUE,Tax ID Mismatch: Extracted from invoice '89-1034521' does not match Siebel CRM profile Tax ID '55-1034526'.,Discrepancy Set,No (Required Compliance Check - Suspected fraud or input error)
PKG-10176,Merit Plastics LLC,55-1034526,55-1034526,Medical,Philips,Epiq Elite Ultrasound,"$215,621.39","$215,286.19",92.34%,Failed,TRUE,"Invoice amount ($215,621.39) exceeds Siebel approved_limit ($215,286.19) by $335.20.",Discrepancy Set,Yes (Underwriter override allowed - Overage <= $500.00)
PKG-10177,Precision Manufacturing Corp.,35-4221087,35-4221087,IT Hardware,HP,ProLiant DL380 Gen10,"$17,562.31","$14,298.56",94.12%,Failed,TRUE,"Invoice amount ($17,562.31) exceeds Siebel approved_limit ($14,298.56) by $3,263.75.",Discrepancy Set,No (Automatic Rejection - Overage exceeds $500.00 threshold)
PKG-10178,Liberty Commercial Laundries,89-1034526,89-1034526,Heavy Equipment,Caterpillar,320 Excavator,"$115,621.39","$115,621.39",0.00%,Incomplete,TRUE,Package Incomplete: Credit Application is missing from the loan package folder in FileNet.,Discrepancy Set,No (Automatic Rejection - Mandatory document missing)
PKG-10179,Matrix Data Centers,35-4221089,35-4221089,Commercial Printing,HP,Indigo 12000 Digital Press,"$209,384.71","$192,842.11",96.78%,Failed,TRUE,"Invoice amount ($209,384.71) exceeds Siebel approved_limit ($192,842.11) by $16,542.60.",Discrepancy Set,No (Automatic Rejection - Overage exceeds $500.00 threshold)
PKG-10180,Vanguard Metalworks,89-1034521,89-1034521,IT Hardware,Lenovo,ThinkSystem SR650,"$32,114.95","$31,980.25",93.48%,Failed,TRUE,"Invoice amount ($32,114.95) exceeds Siebel approved_limit ($31,980.25) by $134.70.",Discrepancy Set,Yes (Underwriter override allowed - Overage <= $500.00)
PKG-10181,Apex Logistics Group,55-1034526,89-1034526,IT Hardware,Cisco Systems,Catalyst 9300 Switch Stack,"$17,562.31","$21,500.00",94.12%,Failed,TRUE,Tax ID Mismatch: Extracted from invoice '55-1034526' does not match Siebel CRM profile Tax ID '89-1034526'.,Discrepancy Set,No (Required Compliance Check - Suspected fraud or input error)
PKG-10182,Cascade Heavy Industries,89-1034521,89-1034521,Heavy Equipment,John Deere,850K Dozer,"$115,621.39","$115,186.29",95.78%,Failed,TRUE,"Invoice amount ($115,621.39) exceeds Siebel approved_limit ($115,186.29) by $435.10.",Discrepancy Set,Yes (Underwriter override allowed - Overage <= $500.00)
PKG-10183,Red River Cotton Group,55-1034526,55-1034526,Agriculture,John Deere,8R 370 Tractor,"$115,621.39","$95,123.45",93.12%,Failed,TRUE,"Invoice amount ($115,621.39) exceeds Siebel approved_limit ($95,123.45) by $20,497.94.",Discrepancy Set,No (Automatic Rejection - Overage exceeds $500.00 threshold)
PKG-10184,Benchmark Builders,35-4221087,35-4221087,Medical,Siemens Healthineers,Somatom Go.Now CT,"$262,380.09","$262,380.09",0.00%,Incomplete,TRUE,Package Incomplete: Credit Application is missing from the loan package folder in FileNet.,Discrepancy Set,No (Automatic Rejection - Mandatory document missing)
PKG-10185,Pioneer Excavation,89-1034526,89-1034526,Agriculture,New Holland,CR8.90 Combine,"$115,621.39","$115,200.00",97.89%,Failed,TRUE,"Invoice amount ($115,621.39) exceeds Siebel approved_limit ($115,200.00) by $421.39.",Discrepancy Set,Yes (Underwriter override allowed - Overage <= $500.00)
PKG-10186,Summit Medical Diagnostics,35-4221089,35-4221089,Commercial Printing,Heidelberg,Speedmaster XL 75,"$115,621.09","$92,843.56",93.12%,Failed,TRUE,"Invoice amount ($115,621.09) exceeds Siebel approved_limit ($92,843.56) by $22,777.53.",Discrepancy Set,No (Automatic Rejection - Overage exceeds $500.00 threshold)
PKG-10187,Nova Tech Labs,89-1034521,35-4221089,Agriculture,Case IH,Puma 150 Tractor,"$115,621.39","$123,800.00",96.78%,Failed,TRUE,Tax ID Mismatch: Extracted from invoice '89-1034521' does not match Siebel CRM profile Tax ID '35-4221089'.,Discrepancy Set,No (Required Compliance Check - Suspected fraud or input error)
PKG-10188,Greenfield Farms,55-1034526,55-1034526,Medical,Philips,Epiq Elite Ultrasound,"$215,621.39","$215,498.25",94.12%,Failed,TRUE,"Invoice amount ($215,621.39) exceeds Siebel approved_limit ($215,498.25) by $123.14.",Discrepancy Set,Yes (Underwriter override allowed - Overage <= $500.00)
PKG-10189,Highland Lumber Co.,35-4221087,35-4221087,Agriculture,Case IH,Puma 150 Tractor,"$115,621.39","$115,621.39",0.00%,Incomplete,TRUE,Package Incomplete: Credit Application is missing from the loan package folder in FileNet.,Discrepancy Set,No (Automatic Rejection - Mandatory document missing)
PKG-10190,Southwest Milling Corp.,89-1034526,89-1034526,Agriculture,New Holland,CR8.90 Combine,"$115,621.39","$81,234.56",94.12%,Failed,TRUE,"Invoice amount ($115,621.39) exceeds Siebel approved_limit ($81,234.56) by $34,386.83.",Discrepancy Set,No (Automatic Rejection - Overage exceeds $500.00 threshold)
PKG-10191,Liberty Commercial Laundries,35-4221089,35-4221089,Manufacturing,Mazak,Quick Turn 250 CNC Lathe,"$115,621.09","$115,384.56",92.34%,Failed,TRUE,"Invoice amount ($115,621.09) exceeds Siebel approved_limit ($115,384.56) by $236.53.",Discrepancy Set,Yes (Underwriter override allowed - Overage <= $500.00)
PKG-10192,Ironclad Foundry,89-1034521,55-1034526,Medical,Philips,Epiq Elite Ultrasound,"$215,621.39","$245,600.00",93.48%,Failed,TRUE,Tax ID Mismatch: Extracted from invoice '89-1034521' does not match Siebel CRM profile Tax ID '55-1034526'.,Discrepancy Set,No (Required Compliance Check - Suspected fraud or input error)
PKG-10193,Apex Logistics Group,55-1034526,55-1034526,Medical,Philips,Epiq Elite Ultrasound,"$215,621.39","$215,198.12",95.67%,Failed,TRUE,"Invoice amount ($215,621.39) exceeds Siebel approved_limit ($215,198.12) by $423.27.",Discrepancy Set,Yes (Underwriter override allowed - Overage <= $500.00)
PKG-10194,Terra Firma Construction,27-1642620,27-1642620,IT Hardware,Lenovo,ThinkSystem SR650,"$56,764.32","$44,240.23",97.31%,Failed,TRUE,"Invoice amount ($56,764.32) exceeds Siebel approved_limit ($44,240.23) by $12,524.09.",Discrepancy Set,No (Automatic Rejection - Overage exceeds $500.00 threshold)
PKG-10195,Merit Plastics LLC,10-2329187,10-2329187,Heavy Equipment,Komatsu,PC210 Excavator,"$116,661.31","$98,071.29",95.84%,Failed,TRUE,"Invoice amount ($116,661.31) exceeds Siebel approved_limit ($98,071.29) by $18,590.02.",Discrepancy Set,No (Automatic Rejection - Overage exceeds $500.00 threshold)
PKG-10196,Crescent Machine Tools,64-2865405,64-2865405,IT Hardware,HPE,ProLiant DL380 Gen10,"$33,069.07","$32,752.37",93.67%,Failed,TRUE,"Invoice amount ($33,069.07) exceeds Siebel approved_limit ($32,752.37) by $316.70.",Discrepancy Set,Yes (Underwriter override allowed - Overage <= $500.00)
PKG-10197,Merit Plastics LLC,68-2053729,68-2053729,Heavy Equipment,John Deere,850K Dozer,"$181,445.64","$181,159.62",96.42%,Failed,TRUE,"Invoice amount ($181,445.64) exceeds Siebel approved_limit ($181,159.62) by $286.02.",Discrepancy Set,Yes (Underwriter override allowed - Overage <= $500.00)
PKG-10198,Terra Firma Construction,47-8201433,47-8201433,Heavy Equipment,Bobcat,T76 Compact Track Loader,"$139,978.73","$161,000.00",0.00%,Incomplete,TRUE,Package Incomplete: Credit Application is missing from the loan package folder in FileNet.,Discrepancy Set,No (Automatic Rejection - Mandatory document missing)
PKG-10199,Precision Manufacturing Corp.,77-7049927,77-7049927,Heavy Equipment,Bobcat,T76 Compact Track Loader,"$172,493.93","$198,400.00",0.00%,Incomplete,TRUE,Package Incomplete: Credit Application is missing from the loan package folder in FileNet.,Discrepancy Set,No (Automatic Rejection - Mandatory document missing)
PKG-10200,Coastal Dredging & Salvage,70-1730386,55-2133461,Commercial Printing,Canon,imagePRESS C10010VP,"$216,776.70","$249,300.00",97.23%,Failed,TRUE,Tax ID Mismatch: Extracted from invoice '70-1730386' does not match Siebel CRM profile Tax ID '55-2133461'.,Discrepancy Set,No (Required Compliance Check - Suspected fraud or input error)
PKG-10201,Frontier Builders Group Inc,59-5362264,59-5362264,Heavy Equipment,Case,580 Super N Backhoe,"$180,542.00","$190,281.00",97.00%,Passed,FALSE,None. All deterministic validation checks passed successfully.,Happy Path,N/A
PKG-10202,Discovery Leasing Corp,47-8923001,47-8923001,Commercial Printing,Xerox,Iridesse Production Press,"$141,237.00","$149,278.00",97.00%,Passed,FALSE,None. All deterministic validation checks passed successfully.,Happy Path,N/A
PKG-10203,Falcon Heavy Industries Corp,60-5102105,60-5102105,Heavy Equipment,Bobcat,T76 Compact Track Loader,"$111,378.00","$121,417.00",97.00%,Passed,FALSE,None. All deterministic validation checks passed successfully.,Happy Path,N/A
PKG-10204,Frontier Builders Group Ltd,75-1978869,75-1978869,Medical,Siemens Healthineers,Magnetom Sola MRI,"$171,407.00","$176,762.00",97.00%,Passed,FALSE,None. All deterministic validation checks passed successfully.,Happy Path,N/A
PKG-10205,Frontier Builders Group Corp,61-5571768,61-5571768,Agriculture,Kubota,M8 Series Tractor,"$181,695.00","$191,184.00",97.00%,Passed,FALSE,None. All deterministic validation checks passed successfully.,Happy Path,N/A
PKG-10206,Discovery Leasing Corp,39-5645869,39-5645869,Heavy Equipment,Komatsu,PC210 Excavator,"$146,574.00","$161,457.00",97.00%,Passed,FALSE,None. All deterministic validation checks passed successfully.,Happy Path,N/A
PKG-10207,Cascade Retailers Ltd,66-7957727,66-7957727,Heavy Equipment,Caterpillar,320 Excavator,"$121,109.00","$135,149.00",97.00%,Passed,FALSE,None. All deterministic validation checks passed successfully.,Happy Path,N/A
PKG-10208,Aero Dynamics Corp LLC,97-4892321,97-4892321,Commercial Printing,Xerox,Iridesse Production Press,"$141,684.00","$152,653.00",97.00%,Passed,FALSE,None. All deterministic validation checks passed successfully.,Happy Path,N/A
PKG-10209,Summit Agro Solutions Inc,63-1162119,63-1162119,Heavy Equipment,Komatsu,PC210 Excavator,"$146,958.00","$161,238.00",97.00%,Passed,FALSE,None. All deterministic validation checks passed successfully.,Happy Path,N/A
PKG-10210,Wildwood Hospitality LLC,81-8456473,81-8456473,Medical,Philips,Epiq Elite Ultrasound,"$211,621.00","$219,087.00",97.00%,Passed,FALSE,None. All deterministic validation checks passed successfully.,Happy Path,N/A
PKG-10211,Nexus Food Distribution Ltd,12-5190696,12-5190696,Medical,Siemens Healthineers,Somatom Go.Now CT,"$320,567.00","$331,379.00",97.00%,Passed,FALSE,None. All deterministic validation checks passed successfully.,Happy Path,N/A
PKG-10212,Jubilee Commercial Group LLC,64-1625708,64-1625708,Heavy Equipment,Caterpillar,D6 Dozer,"$95,891.00","$102,706.00",97.00%,Passed,FALSE,None. All deterministic validation checks passed successfully.,Happy Path,N/A
PKG-10213,Delta Medical Center Inc,47-3952308,47-3952308,IT Hardware,Dell Technologies,PowerEdge R750 Server Rack,"$23,555.00","$37,807.00",97.00%,Passed,FALSE,None. All deterministic validation checks passed successfully.,Happy Path,N/A
PKG-10214,Zenith IT Services Corp,74-1715726,74-1715726,Agriculture,John Deere,S770 Combine Harvester,"$125,717.00","$133,001.00",97.00%,Passed,FALSE,None. All deterministic validation checks passed successfully.,Happy Path,N/A
PKG-10215,Omni Health Systems Corp,98-6382236,98-6382236,IT Hardware,NetApp,FAS2750 Storage Array,"$19,743.00","$30,625.00",97.00%,Passed,FALSE,None. All deterministic validation checks passed successfully.,Happy Path,N/A
PKG-10216,Genesis Power Group LLC,63-5150514,63-5150514,Commercial Printing,Konica Minolta,AccurioPress C14000,"$101,106.00","$112,862.00",97.00%,Passed,FALSE,None. All deterministic validation checks passed successfully.,Happy Path,N/A
PKG-10217,United Quarry & Dredge LLC,60-5572711,60-5572711,Medical,Hologic,3Dimension Mammography,"$281,267.00","$291,495.00",97.00%,Passed,FALSE,None. All deterministic validation checks passed successfully.,Happy Path,N/A
PKG-10218,Delta Medical Center Inc,81-2578093,81-2578093,Medical,GE Healthcare,Revolution CT,"$190,817.00","$197,220.00",97.00%,Passed,FALSE,None. All deterministic validation checks passed successfully.,Happy Path,N/A
PKG-10219,Quantum Printing Corp LLC,81-8298501,81-8298501,Heavy Equipment,Case,580 Super N Backhoe,"$180,832.00","$193,152.00",97.00%,Passed,FALSE,None. All deterministic validation checks passed successfully.,Happy Path,N/A
PKG-10220,Wildwood Hospitality Corp,61-2546175,61-2546175,Medical,Hologic,3Dimension Mammography,"$281,509.00","$294,598.00",97.00%,Passed,FALSE,None. All deterministic validation checks passed successfully.,Happy Path,N/A
PKG-10221,Horizon Tech Labs Ltd,40-1590926,40-1590926,Heavy Equipment,Komatsu,PC210 Excavator,"$146,984.00","$157,566.00",97.00%,Passed,FALSE,None. All deterministic validation checks passed successfully.,Happy Path,N/A
PKG-10222,Zenith IT Services LLC,34-8659774,34-8659774,Medical,Philips,Epiq Elite Ultrasound,"$211,857.00","$216,950.00",97.00%,Passed,FALSE,None. All deterministic validation checks passed successfully.,Happy Path,N/A
PKG-10223,Empire Millers Ltd,24-9003660,24-9003660,IT Hardware,NetApp,FAS2750 Storage Array,"$18,556.00","$23,830.00",97.00%,Passed,FALSE,None. All deterministic validation checks passed successfully.,Happy Path,N/A
PKG-10224,Delta Medical Center Ltd,25-8457957,25-8457957,Medical,Siemens Healthineers,Magnetom Sola MRI,"$171,755.00","$178,806.00",97.00%,Passed,FALSE,None. All deterministic validation checks passed successfully.,Happy Path,N/A
PKG-10225,Zenith IT Services LLC,47-6701609,47-6701609,Heavy Equipment,Komatsu,PC210 Excavator,"$146,750.00","$156,338.00",97.00%,Passed,FALSE,None. All deterministic validation checks passed successfully.,Happy Path,N/A
PKG-10226,Frontier Builders Group Inc,89-7962709,89-7962709,Commercial Printing,Canon,imagePRESS C10010VP,"$115,550.00","$123,292.00",97.00%,Passed,FALSE,None. All deterministic validation checks passed successfully.,Happy Path,N/A
PKG-10227,Keystone Excavation Ltd,30-1795517,30-1795517,Commercial Printing,Komori,Lithrone G40,"$161,951.00","$174,703.00",97.00%,Passed,FALSE,None. All deterministic validation checks passed successfully.,Happy Path,N/A
PKG-10228,Falcon Heavy Industries Ltd,94-7948749,94-7948749,Heavy Equipment,Caterpillar,320 Excavator,"$121,376.00","$132,453.00",97.00%,Passed,FALSE,None. All deterministic validation checks passed successfully.,Happy Path,N/A
PKG-10229,Frontier Builders Group LLC,61-6462963,61-6462963,Heavy Equipment,Case,580 Super N Backhoe,"$181,955.00","$194,390.00",97.00%,Passed,FALSE,None. All deterministic validation checks passed successfully.,Happy Path,N/A
PKG-10230,Vanguard Dental Group LLC,90-8615900,90-8615900,Agriculture,John Deere,8R 370 Tractor,"$85,827.00","$96,163.00",97.00%,Passed,FALSE,None. All deterministic validation checks passed successfully.,Happy Path,N/A
PKG-10231,Discovery Leasing LLC,22-9504159,22-9504159,Medical,Philips,Epiq Elite Ultrasound,"$210,553.00","$220,874.00",97.00%,Passed,FALSE,None. All deterministic validation checks passed successfully.,Happy Path,N/A
PKG-10232,Frontier Builders Group Ltd,17-2778472,17-2778472,Commercial Printing,Xerox,Iridesse Production Press,"$141,119.00","$153,828.00",97.00%,Passed,FALSE,None. All deterministic validation checks passed successfully.,Happy Path,N/A
PKG-10233,Keystone Excavation Inc,78-9430935,78-9430935,Medical,Siemens Healthineers,Magnetom Sola MRI,"$170,864.00","$180,093.00",97.00%,Passed,FALSE,None. All deterministic validation checks passed successfully.,Happy Path,N/A
PKG-10234,United Quarry & Dredge Corp,93-3173070,93-3173070,IT Hardware,Cisco Systems,Catalyst 9300 Switch Stack,"$26,673.00","$41,345.00",97.00%,Passed,FALSE,None. All deterministic validation checks passed successfully.,Happy Path,N/A
PKG-10235,Quantum Printing Corp Corp,42-8074217,42-8074217,Heavy Equipment,Komatsu,PC210 Excavator,"$146,800.00","$154,891.00",97.00%,Passed,FALSE,None. All deterministic validation checks passed successfully.,Happy Path,N/A
PKG-10236,Frontier Builders Group LLC,77-3149856,77-3149856,Medical,Siemens Healthineers,Somatom Go.Now CT,"$320,905.00","$332,921.00",97.00%,Passed,FALSE,None. All deterministic validation checks passed successfully.,Happy Path,N/A
PKG-10237,Keystone Excavation Inc,61-9607740,61-9607740,Medical,GE Healthcare,Revolution CT,"$191,658.00","$200,049.00",97.00%,Passed,FALSE,None. All deterministic validation checks passed successfully.,Happy Path,N/A
PKG-10238,Zenith IT Services Corp,47-3938565,47-3938565,Agriculture,Kubota,M8 Series Tractor,"$181,250.00","$188,814.00",97.00%,Passed,FALSE,None. All deterministic validation checks passed successfully.,Happy Path,N/A
PKG-10239,Infinite Retail Systems Corp,47-4115627,47-4115627,Commercial Printing,Canon,imagePRESS C10010VP,"$116,815.00","$123,102.00",97.00%,Passed,FALSE,None. All deterministic validation checks passed successfully.,Happy Path,N/A
PKG-10240,Zenith IT Services Corp,22-9315470,22-9315470,Commercial Printing,Komori,Lithrone G40,"$160,507.00","$168,219.00",97.00%,Passed,FALSE,None. All deterministic validation checks passed successfully.,Happy Path,N/A
PKG-10241,Aero Dynamics Corp LLC,87-2021420,87-2021420,IT Hardware,Cisco Systems,Catalyst 9300 Switch Stack,"$26,443.00","$38,596.00",80.00%,Passed,TRUE,Low Extraction Confidence: Invoice_Amount (80.00%) due to smeared print over total.,Messy Set,Yes (Fuzzy match and visual verification required)
PKG-10242,Horizon Tech Labs LLC,50-9378123,50-9378123,Heavy Equipment,Caterpillar,D6 Dozer,"$96,751.00","$103,341.00",74.00%,Passed,TRUE,Low Extraction Confidence: Equipment_Model (74.00%) due to handwritten correction over original text.,Messy Set,Yes (Fuzzy match and visual verification required)
PKG-10243,Delta Medical Center Corp,33-2029957,33-2029957,IT Hardware,NetApp,FAS2750 Storage Array,"$19,562.00","$32,387.00",74.00%,Passed,TRUE,Low Extraction Confidence: VIN_Number (74.00%) due to smudge.,Messy Set,Yes (Fuzzy match and visual verification required)
PKG-10244,Genesis Power Group Ltd,64-5796646,64-5796646,Agriculture,Kubota,M8 Series Tractor,"$181,612.00","$192,141.00",73.00%,Passed,TRUE,Low Extraction Confidence: Invoice_Amount (73.00%) due to smeared print over total.,Messy Set,Yes (Fuzzy match and visual verification required)
PKG-10245,BlueSky Logistics Corp,98-6798691,98-6798691,Heavy Equipment,Caterpillar,320 Excavator,"$121,301.00","$131,880.00",70.00%,Passed,TRUE,Low Extraction Confidence: Equipment_Model (70.00%) due to handwritten correction over original text.,Messy Set,Yes (Fuzzy match and visual verification required)
PKG-10246,Benchmark Diagnostics Inc,12-3175019,12-3175019,Agriculture,Kubota,M8 Series Tractor,"$181,471.00","$188,262.00",71.00%,Passed,TRUE,Low Extraction Confidence: VIN_Number (71.00%) due to smudge.,Messy Set,Yes (Fuzzy match and visual verification required)
PKG-10247,Discovery Leasing Inc,21-2542372,21-2542372,Medical,Hologic,3Dimension Mammography,"$281,225.00","$293,782.00",82.00%,Passed,TRUE,Low Extraction Confidence: Invoice_Amount (82.00%) due to smeared print over total.,Messy Set,Yes (Fuzzy match and visual verification required)
PKG-10248,Liberty Builders Ltd,11-6445095,11-6445095,Agriculture,John Deere,S770 Combine Harvester,"$126,102.00","$136,804.00",82.00%,Passed,TRUE,Low Extraction Confidence: Equipment_Model (82.00%) due to handwritten correction over original text.,Messy Set,Yes (Fuzzy match and visual verification required)
PKG-10249,Keystone Excavation Ltd,92-7953765,92-7953765,Agriculture,John Deere,8R 370 Tractor,"$85,979.00","$95,550.00",82.00%,Passed,TRUE,Low Extraction Confidence: VIN_Number (82.00%) due to smudge.,Messy Set,Yes (Fuzzy match and visual verification required)
PKG-10250,Vanguard Dental Group Inc,70-5099482,70-5099482,IT Hardware,NetApp,FAS2750 Storage Array,"$18,739.00","$32,988.00",71.00%,Passed,TRUE,Low Extraction Confidence: Invoice_Amount (71.00%) due to smeared print over total.,Messy Set,Yes (Fuzzy match and visual verification required)
PKG-10251,Pioneer Shipping Group LLC,85-5734842,85-5734842,Commercial Printing,Komori,Lithrone G40,"$161,597.00","$167,660.00",74.00%,Passed,TRUE,Low Extraction Confidence: Equipment_Model (74.00%) due to handwritten correction over original text.,Messy Set,Yes (Fuzzy match and visual verification required)
PKG-10252,Genesis Power Group Inc,49-8161287,49-8161287,Medical,Philips,Epiq Elite Ultrasound,"$211,543.00","$217,607.00",76.00%,Passed,TRUE,Low Extraction Confidence: VIN_Number (76.00%) due to smudge.,Messy Set,Yes (Fuzzy match and visual verification required)
PKG-10253,Aero Dynamics Corp LLC,78-9271853,78-9271853,Agriculture,John Deere,8R 370 Tractor,"$86,177.00","$100,364.00",82.00%,Passed,TRUE,Low Extraction Confidence: Invoice_Amount (82.00%) due to smeared print over total.,Messy Set,Yes (Fuzzy match and visual verification required)
PKG-10254,Apex Tech Systems LLC,48-2404756,48-2404756,Heavy Equipment,Case,580 Super N Backhoe,"$181,102.00","$186,182.00",80.00%,Passed,TRUE,Low Extraction Confidence: Equipment_Model (80.00%) due to handwritten correction over original text.,Messy Set,Yes (Fuzzy match and visual verification required)
PKG-10255,Zenith IT Services LLC,95-1315017,95-1315017,IT Hardware,Cisco Systems,Catalyst 9300 Switch Stack,"$26,287.00","$40,048.00",75.00%,Passed,TRUE,Low Extraction Confidence: VIN_Number (75.00%) due to smudge.,Messy Set,Yes (Fuzzy match and visual verification required)
PKG-10256,Zenith IT Services LLC,12-8494195,12-8494195,Heavy Equipment,Case,580 Super N Backhoe,"$181,207.00","$190,871.00",84.00%,Passed,TRUE,Low Extraction Confidence: Invoice_Amount (84.00%) due to smeared print over total.,Messy Set,Yes (Fuzzy match and visual verification required)
PKG-10257,Discovery Leasing LLC,62-9364604,62-9364604,Heavy Equipment,Bobcat,T76 Compact Track Loader,"$111,158.00","$121,217.00",75.00%,Passed,TRUE,Low Extraction Confidence: Equipment_Model (75.00%) due to handwritten correction over original text.,Messy Set,Yes (Fuzzy match and visual verification required)
PKG-10258,Jubilee Commercial Group Ltd,79-3269193,79-3269193,Medical,Hologic,3Dimension Mammography,"$280,510.00","$289,355.00",81.00%,Passed,TRUE,Low Extraction Confidence: VIN_Number (81.00%) due to smudge.,Messy Set,Yes (Fuzzy match and visual verification required)
PKG-10259,Genesis Power Group LLC,26-4153317,26-4153317,IT Hardware,HPE,ProLiant DL380 Gen10,"$45,884.00","$59,013.00",74.00%,Passed,TRUE,Low Extraction Confidence: Invoice_Amount (74.00%) due to smeared print over total.,Messy Set,Yes (Fuzzy match and visual verification required)
PKG-10260,Zenith IT Services Corp,85-2190503,85-2190503,Medical,Philips,Epiq Elite Ultrasound,"$210,567.00","$223,008.00",82.00%,Passed,TRUE,Low Extraction Confidence: Equipment_Model (82.00%) due to handwritten correction over original text.,Messy Set,Yes (Fuzzy match and visual verification required)
PKG-10261,Cascade Retailers LLC,15-5812221,15-5812221,IT Hardware,Dell Technologies,PowerEdge R750 Server Rack,"$22,644.00","$32,502.00",78.00%,Passed,TRUE,Low Extraction Confidence: VIN_Number (78.00%) due to smudge.,Messy Set,Yes (Fuzzy match and visual verification required)
PKG-10262,Wildwood Hospitality Inc,71-9932668,71-9932668,Medical,Hologic,3Dimension Mammography,"$281,261.00","$295,648.00",72.00%,Passed,TRUE,Low Extraction Confidence: Invoice_Amount (72.00%) due to smeared print over total.,Messy Set,Yes (Fuzzy match and visual verification required)
PKG-10263,Zenith IT Services LLC,19-3209560,19-3209560,Commercial Printing,Canon,imagePRESS C10010VP,"$116,787.00","$125,893.00",84.00%,Passed,TRUE,Low Extraction Confidence: Equipment_Model (84.00%) due to handwritten correction over original text.,Messy Set,Yes (Fuzzy match and visual verification required)
PKG-10264,Vanguard Dental Group LLC,16-4371726,16-4371726,Commercial Printing,Xerox,Iridesse Production Press,"$141,868.00","$154,357.00",81.00%,Passed,TRUE,Low Extraction Confidence: VIN_Number (81.00%) due to smudge.,Messy Set,Yes (Fuzzy match and visual verification required)
PKG-10265,Aero Dynamics Corp Corp,56-3550146,56-3550146,Heavy Equipment,Caterpillar,D6 Dozer,"$95,690.00","$106,167.00",73.00%,Passed,TRUE,Low Extraction Confidence: Invoice_Amount (73.00%) due to smeared print over total.,Messy Set,Yes (Fuzzy match and visual verification required)
PKG-10266,BlueSky Logistics LLC,58-4472955,58-4472955,Agriculture,New Holland,CR8.90 Combine,"$260,565.00","$271,589.00",77.00%,Passed,TRUE,Low Extraction Confidence: Equipment_Model (77.00%) due to handwritten correction over original text.,Messy Set,Yes (Fuzzy match and visual verification required)
PKG-10267,Zenith IT Services Inc,30-9558767,30-9558767,Medical,Hologic,3Dimension Mammography,"$281,500.00","$287,348.00",79.00%,Passed,TRUE,Low Extraction Confidence: VIN_Number (79.00%) due to smudge.,Messy Set,Yes (Fuzzy match and visual verification required)
PKG-10268,Falcon Heavy Industries Corp,60-1102941,60-1102941,Commercial Printing,Xerox,Iridesse Production Press,"$141,686.00","$149,319.00",71.00%,Passed,TRUE,Low Extraction Confidence: Invoice_Amount (71.00%) due to smeared print over total.,Messy Set,Yes (Fuzzy match and visual verification required)
PKG-10269,Wildwood Hospitality Inc,64-8516942,64-8516942,Medical,Siemens Healthineers,Magnetom Sola MRI,"$171,350.00","$177,662.00",84.00%,Passed,TRUE,Low Extraction Confidence: Equipment_Model (84.00%) due to handwritten correction over original text.,Messy Set,Yes (Fuzzy match and visual verification required)
PKG-10270,Cascade Retailers Corp,69-6417893,69-6417893,Heavy Equipment,Bobcat,T76 Compact Track Loader,"$110,951.00","$121,485.00",83.00%,Passed,TRUE,Low Extraction Confidence: VIN_Number (83.00%) due to smudge.,Messy Set,Yes (Fuzzy match and visual verification required)
PKG-10271,Wildwood Hospitality Inc,12-1270578,12-1270578,Agriculture,John Deere,S770 Combine Harvester,"$125,000.00","$150,000.00",0.00%,Incomplete,TRUE,Package Incomplete: Credit Application is missing from the loan package folder in FileNet.,Discrepancy Set,No (Automatic Rejection - Mandatory document missing)
PKG-10272,Wildwood Hospitality Inc,96-7813658,96-7813658,Medical,Hologic,3Dimension Mammography,"$280,000.00","$330,000.00",0.00%,Incomplete,TRUE,Package Incomplete: Credit Application is missing from the loan package folder in FileNet.,Discrepancy Set,No (Automatic Rejection - Mandatory document missing)
PKG-10273,Genesis Power Group Ltd,40-7587748,40-7587748,Medical,Philips,Epiq Elite Ultrasound,"$210,000.00","$250,000.00",0.00%,Incomplete,TRUE,Package Incomplete: Credit Application is missing from the loan package folder in FileNet.,Discrepancy Set,No (Automatic Rejection - Mandatory document missing)
PKG-10274,Benchmark Diagnostics LLC,35-1109369,35-1109369,Medical,Siemens Healthineers,Magnetom Sola MRI,"$170,000.00","$200,000.00",0.00%,Incomplete,TRUE,Package Incomplete: Credit Application is missing from the loan package folder in FileNet.,Discrepancy Set,No (Automatic Rejection - Mandatory document missing)
PKG-10275,Zenith IT Services Corp,34-8083277,34-8083277,IT Hardware,HPE,ProLiant DL380 Gen10,"$45,000.00","$55,000.00",0.00%,Incomplete,TRUE,Package Incomplete: Credit Application is missing from the loan package folder in FileNet.,Discrepancy Set,No (Automatic Rejection - Mandatory document missing)
PKG-10276,Jubilee Commercial Group Inc,24-8745644,24-8745644,Agriculture,New Holland,CR8.90 Combine,"$260,000.00","$300,000.00",0.00%,Incomplete,TRUE,Package Incomplete: Credit Application is missing from the loan package folder in FileNet.,Discrepancy Set,No (Automatic Rejection - Mandatory document missing)
PKG-10277,Genesis Power Group Corp,92-4164311,92-4164311,Medical,GE Healthcare,Revolution CT,"$190,000.00","$220,000.00",0.00%,Incomplete,TRUE,Package Incomplete: Credit Application is missing from the loan package folder in FileNet.,Discrepancy Set,No (Automatic Rejection - Mandatory document missing)
PKG-10278,Zenith IT Services Corp,25-3455518,25-3455518,Commercial Printing,Canon,imagePRESS C10010VP,"$115,000.00","$135,000.00",0.00%,Incomplete,TRUE,Package Incomplete: Credit Application is missing from the loan package folder in FileNet.,Discrepancy Set,No (Automatic Rejection - Mandatory document missing)
PKG-10279,Benchmark Diagnostics Inc,77-1187689,77-1187689,Medical,GE Healthcare,Revolution CT,"$190,000.00","$220,000.00",0.00%,Incomplete,TRUE,Package Incomplete: Credit Application is missing from the loan package folder in FileNet.,Discrepancy Set,No (Automatic Rejection - Mandatory document missing)
PKG-10280,Infinite Retail Systems LLC,16-1280625,16-1280625,IT Hardware,Dell Technologies,PowerEdge R750 Server Rack,"$22,000.00","$26,000.00",0.00%,Incomplete,TRUE,Package Incomplete: Credit Application is missing from the loan package folder in FileNet.,Discrepancy Set,No (Automatic Rejection - Mandatory document missing)
PKG-10281,United Quarry & Dredge LLC,13-3761005,13-3761005,Agriculture,John Deere,S770 Combine Harvester,"$125,319.00","$125,000.00",95.00%,Failed,TRUE,"Invoice amount ($125,319.00) exceeds Siebel approved_limit ($125,000.00) by $319.00.",Discrepancy Set,Yes (Underwriter override allowed - Overage <= $500.00)
PKG-10282,Matrix Industrial Corp Ltd,65-3276346,65-3276346,Commercial Printing,Konica Minolta,AccurioPress C14000,"$100,270.00","$100,000.00",95.00%,Failed,TRUE,"Invoice amount ($100,270.00) exceeds Siebel approved_limit ($100,000.00) by $270.00.",Discrepancy Set,Yes (Underwriter override allowed - Overage <= $500.00)
PKG-10283,Benchmark Diagnostics LLC,92-4494658,92-4494658,Commercial Printing,Konica Minolta,AccurioPress C14000,"$100,382.00","$100,000.00",95.00%,Failed,TRUE,"Invoice amount ($100,382.00) exceeds Siebel approved_limit ($100,000.00) by $382.00.",Discrepancy Set,Yes (Underwriter override allowed - Overage <= $500.00)
PKG-10284,Aero Dynamics Corp Corp,63-6043153,63-6043153,Commercial Printing,Canon,imagePRESS C10010VP,"$115,323.00","$115,000.00",95.00%,Failed,TRUE,"Invoice amount ($115,323.00) exceeds Siebel approved_limit ($115,000.00) by $323.00.",Discrepancy Set,Yes (Underwriter override allowed - Overage <= $500.00)
PKG-10285,Evergreen Agri Corp Ltd,40-3330897,40-3330897,Commercial Printing,Komori,Lithrone G40,"$160,284.00","$160,000.00",95.00%,Failed,TRUE,"Invoice amount ($160,284.00) exceeds Siebel approved_limit ($160,000.00) by $284.00.",Discrepancy Set,Yes (Underwriter override allowed - Overage <= $500.00)
PKG-10286,Discovery Leasing Inc,46-3174398,46-3174398,Medical,Siemens Healthineers,Somatom Go.Now CT,"$320,126.00","$320,000.00",95.00%,Failed,TRUE,"Invoice amount ($320,126.00) exceeds Siebel approved_limit ($320,000.00) by $126.00.",Discrepancy Set,Yes (Underwriter override allowed - Overage <= $500.00)
PKG-10287,Crescent Energy LLC Ltd,81-9861638,81-9861638,Medical,Siemens Healthineers,Somatom Go.Now CT,"$320,470.00","$320,000.00",95.00%,Failed,TRUE,"Invoice amount ($320,470.00) exceeds Siebel approved_limit ($320,000.00) by $470.00.",Discrepancy Set,Yes (Underwriter override allowed - Overage <= $500.00)
PKG-10288,Pioneer Shipping Group LLC,24-9532746,24-9532746,Medical,Siemens Healthineers,Magnetom Sola MRI,"$170,420.00","$170,000.00",95.00%,Failed,TRUE,"Invoice amount ($170,420.00) exceeds Siebel approved_limit ($170,000.00) by $420.00.",Discrepancy Set,Yes (Underwriter override allowed - Overage <= $500.00)
PKG-10289,Vanguard Dental Group LLC,89-1860796,89-1860796,Medical,GE Healthcare,Revolution CT,"$190,267.00","$190,000.00",95.00%,Failed,TRUE,"Invoice amount ($190,267.00) exceeds Siebel approved_limit ($190,000.00) by $267.00.",Discrepancy Set,Yes (Underwriter override allowed - Overage <= $500.00)
PKG-10290,BlueSky Logistics Inc,16-2829450,16-2829450,Commercial Printing,Xerox,Iridesse Production Press,"$140,434.00","$140,000.00",95.00%,Failed,TRUE,"Invoice amount ($140,434.00) exceeds Siebel approved_limit ($140,000.00) by $434.00.",Discrepancy Set,Yes (Underwriter override allowed - Overage <= $500.00)
PKG-10291,Genesis Power Group Ltd,60-7759997,66-7958248,Heavy Equipment,Komatsu,PC210 Excavator,"$145,000.00","$160,000.00",95.00%,Failed,TRUE,Tax ID Mismatch: Extracted from invoice '60-7759997' does not match Siebel CRM profile Tax ID '66-7958248'.,Discrepancy Set,No (Required Compliance Check - Suspected fraud or input error)
PKG-10292,Delta Medical Center Corp,89-5833861,89-5833861,Agriculture,John Deere,S770 Combine Harvester,"$131,236.00","$125,000.00",95.00%,Failed,TRUE,"Invoice amount ($131,236.00) exceeds Siebel approved_limit ($125,000.00) by $6,236.00.",Discrepancy Set,No (Automatic Rejection - Overage exceeds $500.00 threshold)
PKG-10293,Evergreen Agri Corp Inc,14-3956220,32-3478773,IT Hardware,Dell Technologies,PowerEdge R750 Server Rack,"$22,000.00","$26,000.00",95.00%,Failed,TRUE,Tax ID Mismatch: Extracted from invoice '14-3956220' does not match Siebel CRM profile Tax ID '32-3478773'.,Discrepancy Set,No (Required Compliance Check - Suspected fraud or input error)
PKG-10294,Quantum Printing Corp Inc,65-3903377,65-3903377,Medical,Hologic,3Dimension Mammography,"$291,572.00","$280,000.00",95.00%,Failed,TRUE,"Invoice amount ($291,572.00) exceeds Siebel approved_limit ($280,000.00) by $11,572.00.",Discrepancy Set,No (Automatic Rejection - Overage exceeds $500.00 threshold)
PKG-10295,Aero Dynamics Corp Inc,87-8508612,46-6088580,IT Hardware,Cisco Systems,Catalyst 9300 Switch Stack,"$25,000.00","$30,000.00",95.00%,Failed,TRUE,Tax ID Mismatch: Extracted from invoice '87-8508612' does not match Siebel CRM profile Tax ID '46-6088580'.,Discrepancy Set,No (Required Compliance Check - Suspected fraud or input error)
PKG-10296,Genesis Power Group LLC,62-3550892,62-3550892,Agriculture,New Holland,CR8.90 Combine,"$275,195.00","$260,000.00",95.00%,Failed,TRUE,"Invoice amount ($275,195.00) exceeds Siebel approved_limit ($260,000.00) by $15,195.00.",Discrepancy Set,No (Automatic Rejection - Overage exceeds $500.00 threshold)
PKG-10297,Redwood Logistics Corp,79-6882515,69-3277074,Agriculture,Kubota,M8 Series Tractor,"$180,000.00","$210,000.00",95.00%,Failed,TRUE,Tax ID Mismatch: Extracted from invoice '79-6882515' does not match Siebel CRM profile Tax ID '69-3277074'.,Discrepancy Set,No (Required Compliance Check - Suspected fraud or input error)
PKG-10298,Matrix Industrial Corp Ltd,95-2445082,95-2445082,Commercial Printing,Heidelberg,Speedmaster XL 75,"$74,876.00","$55,000.00",95.00%,Failed,TRUE,"Invoice amount ($74,876.00) exceeds Siebel approved_limit ($55,000.00) by $19,876.00.",Discrepancy Set,No (Automatic Rejection - Overage exceeds $500.00 threshold)
PKG-10299,Keystone Excavation LLC,65-1732391,77-7956532,Commercial Printing,Konica Minolta,AccurioPress C14000,"$100,000.00","$115,000.00",95.00%,Failed,TRUE,Tax ID Mismatch: Extracted from invoice '65-1732391' does not match Siebel CRM profile Tax ID '77-7956532'.,Discrepancy Set,No (Required Compliance Check - Suspected fraud or input error)
PKG-10300,Empire Millers Corp,24-6401565,24-6401565,Agriculture,New Holland,CR8.90 Combine,"$276,719.00","$260,000.00",95.00%,Failed,TRUE,"Invoice amount ($276,719.00) exceeds Siebel approved_limit ($260,000.00) by $16,719.00.",Discrepancy Set,No (Automatic Rejection - Overage exceeds $500.00 threshold)
